,prediction,probability
0,bad,0.5780634920634921
1,good,0.916431216931217
2,bad,0.8442037037037037
3,good,0.916431216931217
4,good,0.9425978835978837
5,bad,0.8799285714285713
6,bad,0.797537037037037
7,bad,0.9092037037037037
8,bad,0.7478253968253967
9,bad,0.8861587301587299
